<refentry xmlns:src="http://nwalsh.com/xmlns/litprog/fragment"
          xmlns:xsl="http://www.w3.org/1999/XSL/Transform"
          id="page.height.portrait">
<refmeta>
<refentrytitle>page.height.portrait</refentrytitle>

</refmeta>
<refnamediv>
<refname>page.height.portrait</refname>
<refpurpose>Specify the physical size of the long edge of the page</refpurpose>
</refnamediv>

<refsynopsisdiv>
<src:fragment id='page.height.portrait.frag'><xsl:param name="page.height.portrait">
  <xsl:choose>
    <xsl:when test="$paper.type = 'A4landscape'">210mm</xsl:when>
    <xsl:when test="$paper.type = 'USletter'">11in</xsl:when>
    <xsl:when test="$paper.type = 'USlandscape'">8.5in</xsl:when>
    <xsl:when test="$paper.type = '4A0'">2378mm</xsl:when>
    <xsl:when test="$paper.type = '2A0'">1682mm</xsl:when>
    <xsl:when test="$paper.type = 'A0'">1189mm</xsl:when>
    <xsl:when test="$paper.type = 'A1'">841mm</xsl:when>
    <xsl:when test="$paper.type = 'A2'">594mm</xsl:when>
    <xsl:when test="$paper.type = 'A3'">420mm</xsl:when>
    <xsl:when test="$paper.type = 'A4'">297mm</xsl:when>
    <xsl:when test="$paper.type = 'A5'">210mm</xsl:when>
    <xsl:when test="$paper.type = 'A6'">148mm</xsl:when>
    <xsl:when test="$paper.type = 'A7'">105mm</xsl:when>
    <xsl:when test="$paper.type = 'A8'">74mm</xsl:when>
    <xsl:when test="$paper.type = 'A9'">52mm</xsl:when>
    <xsl:when test="$paper.type = 'A10'">37mm</xsl:when>
    <xsl:when test="$paper.type = 'B0'">1414mm</xsl:when>
    <xsl:when test="$paper.type = 'B1'">1000mm</xsl:when>
    <xsl:when test="$paper.type = 'B2'">707mm</xsl:when>
    <xsl:when test="$paper.type = 'B3'">500mm</xsl:when>
    <xsl:when test="$paper.type = 'B4'">353mm</xsl:when>
    <xsl:when test="$paper.type = 'B5'">250mm</xsl:when>
    <xsl:when test="$paper.type = 'B6'">176mm</xsl:when>
    <xsl:when test="$paper.type = 'B7'">125mm</xsl:when>
    <xsl:when test="$paper.type = 'B8'">88mm</xsl:when>
    <xsl:when test="$paper.type = 'B9'">62mm</xsl:when>
    <xsl:when test="$paper.type = 'B10'">44mm</xsl:when>
    <xsl:when test="$paper.type = 'C0'">1297mm</xsl:when>
    <xsl:when test="$paper.type = 'C1'">917mm</xsl:when>
    <xsl:when test="$paper.type = 'C2'">648mm</xsl:when>
    <xsl:when test="$paper.type = 'C3'">458mm</xsl:when>
    <xsl:when test="$paper.type = 'C4'">324mm</xsl:when>
    <xsl:when test="$paper.type = 'C5'">229mm</xsl:when>
    <xsl:when test="$paper.type = 'C6'">162mm</xsl:when>
    <xsl:when test="$paper.type = 'C7'">114mm</xsl:when>
    <xsl:when test="$paper.type = 'C8'">81mm</xsl:when>
    <xsl:when test="$paper.type = 'C9'">57mm</xsl:when>
    <xsl:when test="$paper.type = 'C10'">40mm</xsl:when>
    <xsl:otherwise>11in</xsl:otherwise>
  </xsl:choose>
</xsl:param></src:fragment>
</refsynopsisdiv>

<refsect1><title>Description</title>

<para>The portrait page height is the length of the long
edge of the physical page.
</para>

</refsect1>
</refentry>
